"Kinase.Gene","aveSubstrateLog2FC","mS","Enrichment","m","z.score","p.value","p.adjust","status","Substrate.Gene","Substrate.Mod","Source","log2FC"
"1","BLK",-1.51466666666667,-1.51466666666667,-78.5593372533778,1,-3.69262358387691,0.000110976211117834,0.0257464809793375,"Down","FCGR2B","Y292","PhosphoSitePlus",-1.51466666666667
"2","ILK",-1.15433333333333,-1.15433333333333,-59.8703751999224,3,-4.85465510015542,6.02982254287518e-07,0.000140494865248992,"Down","MYL12B","S20","PhosphoSitePlus",-0.606033333333334
"3","ILK",-1.15433333333333,-1.15433333333333,-59.8703751999224,3,-4.85465510015542,6.02982254287518e-07,0.000140494865248992,"Down","MYL12B","T19","PhosphoSitePlus",-0.518633333333333
"4","ILK",-1.15433333333333,-1.15433333333333,-59.8703751999224,3,-4.85465510015542,6.02982254287518e-07,0.000140494865248992,"Down","PPP1R14B","T57","PhosphoSitePlus",-2.33833333333333
