"Kinase.Gene","aveSubstrateLog2FC","mS","Enrichment","m","z.score","p.value","p.adjust","status","Substrate.Gene","Substrate.Mod","Source","log2FC"
"1","BLK",-1.51466666666667,-1.51466666666667,-79.2345773422494,1,-3.68110278486167,0.000116113679008004,0.0269383735298569,"Down","FCGR2B","Y292","PhosphoSitePlus",-1.51466666666667
"2","ILK",-1.15433333333333,-1.15433333333333,-60.384978287018,3,-4.83967761331475,6.50249596767224e-07,0.000151508156046763,"Down","MYL12B","S20","PhosphoSitePlus",-0.606033333333334
"3","ILK",-1.15433333333333,-1.15433333333333,-60.384978287018,3,-4.83967761331475,6.50249596767224e-07,0.000151508156046763,"Down","MYL12B","T19","PhosphoSitePlus",-0.518633333333333
"4","ILK",-1.15433333333333,-1.15433333333333,-60.384978287018,3,-4.83967761331475,6.50249596767224e-07,0.000151508156046763,"Down","PPP1R14B","T57","PhosphoSitePlus",-2.33833333333333
