"Kinase.Gene","aveSubstrateLog2FC","mS","Enrichment","m","z.score","p.value","p.adjust","status","Substrate.Gene","Substrate.Mod","Source","log2FC"
"1","ILK",1.15433333333333,1.15433333333333,59.8703751999223,3,4.85465510015541,6.02982254287524e-07,0.000140494865248993,"Up","MYL12B","S20","PhosphoSitePlus",0.606033333333332
"2","ILK",1.15433333333333,1.15433333333333,59.8703751999223,3,4.85465510015541,6.02982254287524e-07,0.000140494865248993,"Up","MYL12B","T19","PhosphoSitePlus",0.518633333333333
"3","ILK",1.15433333333333,1.15433333333333,59.8703751999223,3,4.85465510015541,6.02982254287524e-07,0.000140494865248993,"Up","PPP1R14B","T57","PhosphoSitePlus",2.33833333333333
"4","BLK",1.51466666666667,1.51466666666667,78.5593372533777,1,3.69262358387691,0.000110976211117834,0.0257464809793375,"Up","FCGR2B","Y292","PhosphoSitePlus",1.51466666666667
